{"cameraMode":{"drawMode":0,"name":"Shaded","section":"Shading Mode"},"sceneLighting":true,"audioPlay":false,"sceneViewState":{"m_AlwaysRefresh":false,"showFog":true,"showSkybox":true,"showFlares":true,"showImageEffects":true,"showParticleSystems":true,"showVisualEffectGraphs":true,"m_FxEnabled":true},"in2DMode":false,"pivot":{"x":90.89009857177735,"y":1.4336633682250977,"z":47.543304443359378},"rotation":{"x":0.08757619559764862,"y":0.6968817710876465,"z":-0.08636642247438431,"w":0.7065706849098206},"size":2.8878746032714845,"orthographic":false}